Rank,First Name,Last Name,Database#,USATT#,Location,Home Club,Tournament Rating,Last Played Tournament,League Rating,Last Played League,Membership Expiration,State,Zip,Gender,Date of Birth,Expiration Date,Max Rating,Age,Tournaments Played,Valid Player,Top Junior
4,Kanak,Jha,3431,72193,"Milpitas, CA",888 Table Tennis Center,2806,2024-07-07,2737,2017-04-08,ACTIVE,CA,95035,M,2000-06-19,2100-02-28,2806.0,8862 days,67,True,True
10,Nikhil,Kumar,3998,84326,"San Jose, CA",888 Table Tennis Center,2753,2024-09-02,2601,2022-08-28,ACTIVE,CA,95125,M,2003-01-01,2024-11-17,2779.0,7936 days,91,True,True
28,Aditya,Sareen,119074,218074,"West Windsor, NJ",PINGPOD,2676,2024-08-25,2497,2023-10-22,ACTIVE,NJ,8550,M,2008-04-28,2024-12-16,2703.0,5992 days,131,True,True
31,Patryk,Zyworonek,9197,96307,"Des Plaines, IL",Experior Table Tennis Club,2661,2023-12-21,2245,2020-03-06,ACTIVE,IL,60016,M,2009-02-24,2099-11-23,2661.0,5690 days,76,True,True
48,Nandan,Naresh,5520,84904,"Lisle, IL",888 Table Tennis Center,2630,2024-08-04,2395,2024-02-04,ACTIVE,IL,60532,M,2006-12-30,2025-04-05,2704.0,6477 days,133,True,True
50,Angel,Naranjo,5512,92745,San Juan,,2620,2024-04-14,0,,ACTIVE,,920,M,2004-01-28,2025-04-16,2620.0,7544 days,23,True,True
61,Sid,Naresh,5522,84903,"Lisle, IL",888 Table Tennis Center,2598,2024-09-02,2478,2024-08-25,ACTIVE,IL,60532,M,2004-02-13,2025-04-05,2706.0,7528 days,142,True,True
62,Amy,Wang,8222,76235,"Turnersville, NJ",USA Table Tennis,2593,2024-07-07,2400,2022-05-06,ACTIVE,NJ,8080,F,2002-12-02,2024-12-01,2607.0,7966 days,173,True,True
65,Andrew,Cao,112982,211982,"Katy, TX",,2590,2024-08-11,2480,2023-10-14,ACTIVE,TX,77494,M,2007-09-26,2025-04-07,2597.0,6207 days,96,True,True
67,Daniel,Tran,7858,91031,"Katy, TX",,2589,2024-08-11,2569,2023-06-04,ACTIVE,TX,77494,M,2007-07-02,2024-12-16,2589.0,6293 days,79,True,True
69,Jeff,Huang,3211,26160,"Temple City, CA",Grace Lin TTC,2588,2018-11-25,2196,2012-09-15,ACTIVE,CA,91780,M,1991-10-07,2100-02-28,2588.0,12040 days,57,True,True
74,Victor,Liu,4657,78385,"San Jose, CA",Silicon Valley Table Tennis Club (SVTTC),2575,2019-07-05,2400,2019-04-06,ACTIVE,CA,,M,2001-09-20,2025-07-26,2605.0,8404 days,87,True,True
75,Lily,Zhang,9030,31126,"Berkeley, CA",(TTA) Table Tennis America,2575,2024-01-28,2447,2022-03-05,ACTIVE,CA,94704,F,1996-06-16,2100-02-28,2641.0,10326 days,97,True,True
84,Ved,Sheth,7056,89837,"Fremont, CA",ICC Table Tennis Center,2561,2024-08-25,2444,2024-08-17,ACTIVE,CA,94538,M,2005-11-17,2024-11-01,2658.0,6885 days,90,True,True
91,Darryl,Tsao,102323,98262,"Fremont, CA",888 Table Tennis Center,2543,2024-09-02,2536,2024-02-04,ACTIVE,CA,94539,M,2007-03-06,2025-07-21,2602.0,6411 days,86,True,True
104,William,Bai,359,81300,"San Francisco, CA",,2529,2023-09-24,2469,2022-09-04,ACTIVE,CA,94134,M,2002-06-04,2025-05-29,2552.0,8147 days,101,True,True
115,Seth,Pech,6040,32337,"Strongsville, OH",Strongsville Table Tennis,2521,2024-05-19,2402,2020-11-10,ACTIVE,OH,44149,M,1995-08-16,2025-05-21,2521.0,10631 days,152,True,False
121,Victor,Xie,8690,93758,"Alameda, CA",888 Table Tennis Center,2515,2024-07-07,2415,2024-04-07,ACTIVE,CA,94501,M,2007-11-08,2025-07-03,2517.0,6164 days,77,True,True
124,Rachel,Sung,7538,82232,"Campbell, CA",ICC Table Tennis Center,2512,2024-07-07,2434,2024-02-04,ACTIVE,CA,95008,F,2004-07-09,2024-12-03,2517.0,7381 days,67,True,True
127,Chance,Friend,2253,31426,"Canton, MN",Minnesota Table Tennis Federation,2511,2024-08-24,2299,2010-10-05,ACTIVE,MN,44709,M,1991-08-24,2024-10-13,2604.0,12084 days,219,True,True
128,Anav,Gupta,103363,202363,"Cary, NC",NC International Table Tennis (NCITT),2509,2024-09-02,2223,2024-02-04,ACTIVE,NC,27519,M,2007-11-25,2025-02-11,2509.0,6147 days,81,True,True
129,Stanley,Hsu,102103,97890,"North Potomac, MD",MDTTC - Maryland Table Tennis Center,2509,2024-08-25,2186,2020-02-07,ACTIVE,MD,20878,M,2008-09-25,2026-06-30,2519.0,5842 days,90,True,True
132,Sally,Moyland,5431,94880,"Fremont, CA",(TTA) Table Tennis America,2507,2024-05-31,2349,2024-03-10,ACTIVE,CA,94538,F,2007-05-29,2026-03-29,2542.0,6327 days,28,True,True
136,Sean,Lee,4285,24770,"Cupertino, CA",888 Table Tennis Center - San Jose,2503,2023-05-29,2256,2023-01-22,ACTIVE,CA,95014,M,1990-06-11,2025-06-16,2547.0,12523 days,48,True,False
145,Adam,Hugh,3257,14204,"Hoboken, NJ",HiTT,2497,2024-04-28,2550,2023-11-17,ACTIVE,NJ,7030,M,1988-01-05,2099-03-01,2663.0,13411 days,241,True,True
148,Mark,Hazinski,2898,915,"Plano, TX",Fort Worth Table Tennis Club,2494,2023-03-19,0,,ACTIVE,TX,75025,M,1985-04-20,2100-01-01,2695.0,14401 days,257,True,True
159,Nishant,Lebaka,121808,220808,"Somerset, NJ",Lily Yip Table Tennis Center,2484,2024-08-04,2529,2024-05-31,ACTIVE,NJ,8873,M,2005-11-09,2024-11-16,2521.0,6893 days,139,True,True
170,Aziz,Zarehbin,8974,91906,"Oakland, CA",ICC Table Tennis Center,2472,2024-08-04,2389,2024-01-07,ACTIVE,CA,94602,M,2005-12-01,2026-05-13,2504.0,6871 days,129,True,True
185,Krish,Gandhi,103990,202990,"Lexington, MA",Westford Table Tennis Club,2455,2024-07-14,1481,2019-05-25,ACTIVE,MA,2421,M,2008-08-13,2024-10-07,2488.0,5885 days,80,True,True
186,Shivansh,Kumar,30267,72381,"Fremont, CA",,2455,2018-03-02,2169,2024-02-19,ACTIVE,CA,94538,M,1999-09-29,2024-12-15,2457.0,9126 days,58,True,True
187,Timothy,Wang,8312,18537,"castle pines, CO",Mile High Table Tennis Academy,2455,2024-04-28,2405,2020-02-22,ACTIVE,CO,80108,M,1991-08-17,2100-02-28,2648.0,12091 days,149,True,True
189,Angela,Guan,2664,77760,"San Jose, CA",Silicon Valley Table Tennis Club (SVTTC),2454,2024-09-02,2383,2020-02-23,ACTIVE,CA,95132,F,1998-07-13,2025-03-09,2461.0,9569 days,45,True,True
191,Vinay,Desai,1700,74784,"Atlanta, GA","Broward Table Tennis Club, Inc.",2454,2024-07-21,0,,ACTIVE,GA,30309,M,1998-02-24,2026-07-24,2486.0,9708 days,87,True,True
192,Ted,Li,4453,89340,"San Diego, CA",Learning Tree Table Tennis Club,2453,2022-09-04,2134,2024-07-12,ACTIVE,CA,92130,M,2005-05-11,2025-06-14,2548.0,7075 days,53,True,True
198,Aditya,Godhwani,2474,82768,"Fremont, CA",(TTA) Table Tennis America,2446,2024-07-07,2308,2024-08-25,ACTIVE,CA,94539,M,2003-07-24,2122-12-31,2563.0,7732 days,112,True,True
199,Bryant,Lin,4525,82782,"Alameda, CA",Alameda Table Tennis Club (ATTC),2445,2024-09-02,2365,2024-06-09,ACTIVE,CA,94502,M,1997-08-12,2025-08-01,2470.0,9904 days,95,True,True
200,Samson,Dubina,1866,9051,"Akron, OH",Samson Dubina Table Tennis Academy,2443,2020-03-08,2432,2016-01-23,ACTIVE,OH,44312,M,1983-07-16,2100-02-28,2614.0,15045 days,345,True,False
203,Krishnateja,Avvari,318,72387,"Fremont, CA",ICC Table Tennis Center,2441,2024-07-28,2382,2024-03-09,ACTIVE,CA,94539,M,1999-12-15,2024-12-05,2637.0,9049 days,106,True,True
206,Hasan,Saidov,116306,215306,"Staten Island, NY",Matchpoint Table Tennis Center NJ,2435,2024-07-07,2449,2024-08-09,ACTIVE,NY,10309,M,2007-09-20,2025-07-03,2466.0,6213 days,97,True,True
213,Earl James,Alto,154,22497,"San Diego, CA",Learning Tree Table Tennis Club,2431,2024-08-25,2404,2024-07-19,ACTIVE,CA,92126,M,1988-05-04,2024-07-31,2604.0,13291 days,138,True,False
215,Mu,Du,103754,202754,"North Potomac, MD",MDTTC - Maryland Table Tennis Center,2430,2024-08-25,2125,2020-02-07,ACTIVE,MD,20878,M,2008-04-16,2024-09-30,2430.0,6004 days,80,True,True
221,Jonathan,Li,4429,80741,"Mercer Island, WA",Seattle Pacific Table Tennis Club,2423,2024-09-08,2396,2024-08-24,ACTIVE,WA,98040,M,2001-11-17,2025-04-01,2453.0,8346 days,67,True,True
222,Xianyao,He,104271,203271,"San Jose, CA",888 Table Tennis Center - San Jose,2423,2024-09-02,2321,2024-09-08,ACTIVE,CA,95124,M,2008-11-20,2025-01-03,2423.0,5786 days,81,True,True
223,Tiffany,Ke,28641,89217,"san jose, CA",(TTA) Table Tennis America,2423,2024-07-07,2278,2024-01-07,ACTIVE,CA,95122,F,2004-10-18,2025-01-13,2453.0,7280 days,132,True,True
225,Khaleel,Asgarali,270,7756,"Columbia, MD",Washington DC Table Tennis Center,2421,2024-07-14,2266,2004-09-26,ACTIVE,MD,21046,M,1986-12-06,2025-07-15,2446.0,13806 days,145,True,False
228,Charles,Shen,118235,217235,"Basking Ridge, NJ",Topspin Table Tennis Club,2421,2024-08-25,2401,2024-05-17,ACTIVE,NJ,7920,M,2009-04-12,2025-05-31,2450.0,5643 days,84,True,True
231,Sarah,Jalli,3396,94697,"North Canton, OH",,2418,2024-03-24,2104,2019-06-23,ACTIVE,OH,44720,F,2006-02-12,2025-01-18,2567.0,6798 days,96,True,True
235,Alex,Luo,103029,202029,"Dublin, CA",(TTA) Table Tennis America,2415,2024-09-02,2306,2024-09-08,ACTIVE,CA,55902,M,2008-10-07,2025-05-01,2488.0,5830 days,83,True,True
237,Kef,Noorani,118865,217865,"Mountain View, CA",888 Table Tennis Center,2414,2024-07-07,2273,2024-08-25,ACTIVE,CA,94043,M,2010-10-13,2025-07-03,2438.0,5094 days,49,True,True
240,John James,Alto,155,30755,"San Diego, CA",Learning Tree Table Tennis Club,2413,2024-08-04,2344,2024-07-12,ACTIVE,CA,92126,M,1995-06-24,2024-11-27,2423.0,10684 days,64,True,False
241,Kai,Zarehbin,8975,91905,"Oakland, CA",ICC Table Tennis Center,2411,2024-08-25,2279,2024-07-20,ACTIVE,CA,94602,M,2003-12-05,2025-05-15,2501.0,7598 days,126,True,True
244,Aryan,Jha,112736,211736,"Lexington, MA",,2409,2024-06-30,2032,2019-10-15,ACTIVE,MA,2420,M,2007-11-17,2024-10-01,2496.0,6155 days,92,True,True
245,Gabriel,Perez,6083,92744,Guaynabo,,2409,2024-04-14,0,,ACTIVE,,966,F,2001-11-25,2025-04-26,2443.0,8338 days,27,True,True
247,Jonathan,Ou,5859,73748,"Bellevue, WA",Atlanta International Table Tennis Academy,2408,2024-09-02,0,,ACTIVE,WA,98005,M,1998-03-20,2024-09-21,2472.0,9684 days,69,True,True
254,Raghav,Thiruvallur,112257,928116,"Fremont, CA",,2399,2024-07-28,2262,2024-01-07,ACTIVE,CA,0,M,2006-08-18,2025-08-01,2403.0,6611 days,38,True,True
257,Connor,Lee,98388,197388,"Tenafly, NJ",,2397,2024-08-04,2359,2024-06-21,ACTIVE,NJ,7670,M,2006-01-05,2025-03-14,2443.0,6836 days,147,True,True
260,Allen,Wang,8220,69905,"Sewell, NJ",Flick! Table Tennis Performance Center,2395,2019-03-01,2356,2015-06-24,ACTIVE,NJ,8080,M,1998-02-08,2025-07-10,2590.0,9724 days,192,True,True
267,Ethan,Liu,4607,91756,"Albany, CA",888 Table Tennis Center,2389,2024-09-02,2294,2023-08-27,ACTIVE,CA,94706,M,2005-11-07,2025-08-01,2422.0,6895 days,78,True,True
269,Daniel,Ng,5591,88317,"Duluth, GA",,2388,2023-11-26,2305,2019-04-06,ACTIVE,GA,30096,M,2004-07-15,2024-11-22,2404.0,7375 days,54,True,True
272,Arnav,Khinvasara,3746,96746,"Milpitas, CA",ICC Table Tennis Center,2386,2024-03-30,2209,2024-08-10,ACTIVE,CA,95035,M,2006-01-06,2025-06-08,2424.0,6835 days,64,True,True
278,Crystal,Liu,4601,97611,"San Diego, CA",,2381,2024-06-09,2231,2024-05-31,ACTIVE,CA,92129,F,2006-10-24,2025-02-28,2388.0,6544 days,45,True,True
279,Chase,Bockoven,12543,70138,"Acton, MA",C&C Table Tennis,2381,2021-11-28,2362,2020-06-26,ACTIVE,MA,1720,M,1997-04-10,2024-09-30,2417.0,10028 days,123,True,False
282,Kayla,Goodwin,2552,92550,"Englewood, FL",Tampa TTC,2378,2024-07-28,2192,2024-01-07,ACTIVE,FL,34223,F,2007-02-11,2025-02-27,2378.0,6434 days,79,True,True
284,Alex,Averin,309,81774,"Garwood, NJ",PINGPOD,2374,2024-08-25,2486,2024-09-06,ACTIVE,NJ,7027,M,1998-05-26,2025-06-03,2473.0,9617 days,319,True,False
286,Isabella,Xu,102353,98155,"Cary, NC",NC International Table Tennis (NCITT),2374,2024-08-04,2299,2024-05-17,ACTIVE,NC,27513,F,2006-11-04,2025-05-31,2374.0,6533 days,104,True,True
299,Alex,Wu,8610,92296,"San Diego, CA",Learning Tree Table Tennis Club,2361,2024-08-04,2347,2024-09-06,ACTIVE,CA,92130,M,2003-09-11,2025-01-11,2448.0,7683 days,46,True,False
301,Rachel,Wang,8298,96633,"Apex, NC",Carolina International Table Tennis Academy (CITTA),2359,2024-05-27,1663,2018-07-27,ACTIVE,NC,27523,F,2007-07-26,2024-11-16,2359.0,6269 days,70,True,True
302,Yashraj,Shah,118130,217130,"Iselin, NJ",Lily Yip Table Tennis Center,2357,2024-08-25,2370,2024-09-06,ACTIVE,NJ,8830,M,2008-11-28,2026-01-11,2403.0,5778 days,109,True,True
306,Erica,Wu,53663,32039,"Arcadia, CA",,2353,2018-03-02,2209,2012-03-17,ACTIVE,CA,91107,F,1996-05-15,2100-02-28,2441.0,10358 days,72,True,True
308,Michael,Wolski,8538,81963,"Schaumburg, IL",Experior Table Tennis Club,2352,2024-04-21,2402,2020-02-08,ACTIVE,IL,60193,M,2002-02-06,2026-05-31,2373.0,8265 days,132,True,False
312,Jordan,Yee,8843,80241,"Oakland, CA",Micro Motion Table Tennis Academy,2349,2024-09-02,2239,2023-06-04,ACTIVE,CA,94610,M,1998-02-14,2025-07-03,2392.0,9718 days,94,True,False
316,Sean,Chen,112679,211679,"New York, NY",New York Indoor Sports Club,2347,2024-02-03,2175,2020-02-07,ACTIVE,NY,10013,M,2006-03-23,2024-12-01,2414.0,6759 days,87,True,True
323,Angie,Tan,7635,87830,"Milpitas, CA",888 Table Tennis Center,2346,2024-07-07,2269,2022-06-18,ACTIVE,CA,95035,F,2004-06-30,2025-02-11,2410.0,7390 days,82,True,True
333,Allen,Lin,4523,32369,"Vienna, VA",Northern VA Table Tennis Center (NOVATTC),2342,2024-08-04,2085,2015-11-22,ACTIVE,VA,22182,M,1991-03-20,2024-09-13,2383.0,12241 days,120,True,False
335,Calvin,Chan,1013,73906,"Dresher, PA",Lily Yip Table Tennis Center,2341,2018-03-02,2351,2020-01-11,ACTIVE,PA,19025,M,1997-11-21,2100-02-28,2383.0,9803 days,103,True,False
338,Henrik,Zhang,9013,87832,"Saratoga, CA",888 Table Tennis Center,2338,2024-06-22,2213,2022-05-22,ACTIVE,CA,95070,M,2004-01-05,2025-06-24,2388.0,7567 days,56,True,False
341,Steven,Gong,2523,79665,"West Hills, CA",Grace Lin TTC,2338,2021-12-22,1847,2012-03-17,ACTIVE,CA,91307,M,2002-05-14,2100-02-28,2419.0,8168 days,96,True,True
344,Joanna,Sung,7536,82231,"Campbell, CA",ICC Table Tennis Center,2336,2023-12-21,2285,2023-09-23,ACTIVE,CA,95008,F,2004-07-09,2024-12-03,2354.0,7381 days,61,True,True
356,Emily,Tan,7638,91154,"Milpitas, CA",Silicon Valley Table Tennis Club (SVTTC),2330,2024-05-27,2209,2024-05-12,ACTIVE,CA,95035,F,2006-09-01,2025-08-09,2436.0,6597 days,88,True,True
359,Brian,Chen,15130,31519,"Chicago, CA",,2327,2024-06-02,2201,2018-03-30,ACTIVE,CA,60654,M,1995-09-12,2025-06-04,2327.0,10604 days,63,True,False
361,Charles,Deng,18270,71597,"Katy, TX",,2327,2021-11-28,1896,2023-12-06,ACTIVE,TX,77494,M,1997-08-29,2024-11-22,2470.0,9887 days,21,True,True
369,Guillermo,Gasio Morales,2380,80712,MEX,,2322,2024-07-28,0,,ACTIVE,MEX,,M,2001-01-20,2025-07-30,2322.0,8647 days,7,True,False
378,Joshua,Mak,4910,82025,"Plano, TX",888 Table Tennis Center,2314,2024-08-24,2228,2022-06-05,ACTIVE,TX,75024,M,2001-08-11,2025-07-03,2403.0,8444 days,81,True,False
379,Shawn,Fong,2193,85265,"Albany, CA",I Table Tennis,2313,2023-11-26,2248,2023-08-19,ACTIVE,CA,94706,M,2003-11-06,2024-12-01,2335.0,7627 days,53,True,False
384,Daniel,Stepanyuk,7418,95162,"Lincon, NE",,2311,2022-07-01,2004,2020-03-12,ACTIVE,NE,68524,M,2005-06-23,2025-07-31,2343.0,7032 days,29,True,False
392,Mandy,Yu,123971,222971,"Byron, MN",Rochester Table Tennis Club,2305,2024-07-07,2291,2023-08-25,ACTIVE,MN,55920,F,2009-07-18,2024-12-08,2305.0,5546 days,54,True,True
395,Natalie,Chan,99840,198840,"San Jose, CA",888 Table Tennis Center,2304,2024-07-07,2174,2024-08-18,ACTIVE,CA,95124,F,2007-11-04,2025-03-05,2304.0,6168 days,53,True,True
411,Darius,Fahimi,103343,202343,"-, NJ",,2295,2024-06-30,2354,2024-01-05,ACTIVE,NJ,7417,M,2006-06-27,2100-02-28,2478.0,6663 days,106,True,True
419,Tashiya,Piyadasa,123763,222763,"Fountain Valley, CA",Orange County Table Tennis Academy,2289,2024-07-07,0,,ACTIVE,CA,92708,F,2010-02-14,2026-05-18,2289.0,5335 days,45,True,True
421,Kobe,Couyoumjian,1494,95668,"Tustin, CA",Orange County Table Tennis Academy,2289,2024-06-09,0,,ACTIVE,CA,92782,M,2000-11-08,2024-10-19,2361.0,8720 days,102,True,False
429,Jonathan,Hu,3178,95282,"Dublin, CA",888 Table Tennis Center,2285,2023-07-07,2136,2023-06-11,ACTIVE,CA,94568,M,2005-07-16,2025-06-02,2421.0,7009 days,45,True,True
432,Priyan,Jindal,3464,90352,"San Jose, CA",888 Table Tennis Center,2284,2024-06-22,2068,2021-09-19,ACTIVE,CA,95133,M,2003-05-13,2025-07-02,2340.0,7804 days,51,True,False
435,Ethan,Ruan,6669,91924,"Alpharetta, GA",,2282,2023-11-26,2281,2019-04-06,ACTIVE,GA,30009,M,2004-09-21,2024-12-01,2384.0,7307 days,52,True,False
437,Changbo,Lu,103365,202365,"Cary, NC",Triangle Badminton & Table Tennis,2282,2024-03-24,0,,ACTIVE,NC,27513,M,2007-05-26,2025-03-26,2404.0,6330 days,68,True,True
442,Emily,Quan,103992,202992,"Sharon, MA",Massachusetts Table Tennis and Badminton Club,2279,2023-11-26,2156,2020-02-25,ACTIVE,MA,2067,F,2007-01-31,2024-10-28,2329.0,6445 days,53,True,True
444,Renny,Gong,2521,76025,"Diamond Bar, CA",Grace Lin TTC,2279,2018-03-02,0,,ACTIVE,CA,91765,M,2001-03-04,2100-02-28,2307.0,8604 days,70,True,False
452,John,Mc Dermott,5108,93518,"River Edge, NJ",Han-In Table Tennis Club,2273,2024-08-25,2266,2022-05-14,ACTIVE,NJ,7661,M,2001-08-29,2024-10-31,2354.0,8426 days,190,True,False
454,Stephen,Clyde,1393,69559,"Indianapolis, IN",,2272,2018-03-02,830,2005-01-10,ACTIVE,IN,46259,M,1992-06-15,2100-02-28,2323.0,11788 days,129,True,False
464,Dan,Seemiller Jr,6921,27825,"El Paso, TX",El Paso Table Tennis Club,2267,2024-07-27,2164,2022-09-23,ACTIVE,TX,79924,M,1990-08-23,2026-05-09,2339.0,12450 days,222,True,False
472,Vikash,Sahu,6731,28377,"North Potomac, MD",Club JOOLA,2262,2024-08-25,2159,2020-01-11,ACTIVE,MD,20878,M,1994-09-19,2025-04-12,2281.0,10962 days,168,True,False
478,Carmen,Yu,118532,217532,"Fort Washington, PA",,2257,2024-07-07,2002,2022-08-26,ACTIVE,PA,19034,F,2009-10-21,2025-01-09,2291.0,5451 days,91,True,True
481,Keith,Pech,6039,32336,"Irving, TX",DFW Table Tennis,2256,2024-08-31,2221,2022-05-23,ACTIVE,TX,75038,M,1991-09-09,2025-03-11,2361.0,12068 days,126,True,False
482,Joshua,Tran,7868,71477,"Hollywood, MD",MDTTC - Maryland Table Tennis Center,2255,2024-08-04,2257,2023-06-09,ACTIVE,MD,20636,M,1996-06-20,2024-12-01,2255.0,10322 days,48,True,False
485,Abigail,YU,170965,269965,"Byron, MN",Rochester Table Tennis Club,2252,2024-07-07,2158,2023-08-25,ACTIVE,MN,55920,F,2012-10-19,2025-03-01,2257.0,4357 days,26,True,True
487,Sabrina,Zhu,9155,91046,"Alpharetta, GA",Atlanta International Table Tennis Academy,2251,2023-11-26,2221,2019-07-26,ACTIVE,GA,30022,F,2003-12-03,2024-11-17,2338.0,7600 days,75,True,True
489,Stuti,Kashyap,123299,222299,"Fremont, CA",(TTA) Table Tennis America,2250,2024-08-25,2165,2024-08-18,ACTIVE,CA,94538,F,2009-04-17,2024-12-16,2262.0,5638 days,38,True,True
498,Irene,Yeoh,120210,219210,"Fremont, CA",(TTA) Table Tennis America,2246,2024-07-28,2202,2024-08-11,ACTIVE,CA,94539,F,2011-05-14,2025-04-30,2321.0,4881 days,46,True,True
503,Matt,Winkler,8506,1763,"Gilbert, AZ","Table Tennis & More, Inc.",2245,2024-07-28,2122,2024-05-24,ACTIVE,AZ,85298,M,1984-11-30,2025-01-02,2322.0,14542 days,127,True,False
513,Muskan,Gupta,114603,213603,"Milpitas, CA",,2240,2024-05-27,2146,2024-04-14,ACTIVE,CA,95035,F,2006-06-28,2024-12-16,2292.0,6662 days,63,True,True
522,Donald,Hinshaw,25169,32907,"Rochester, MI",Davison Athletic Club,2235,2024-05-19,2088,2013-02-02,ACTIVE,MI,48307,M,1989-06-05,2024-10-24,2239.0,12894 days,116,True,False
527,Kenny,Jiang,3449,90989,Chicago,,2233,2023-12-03,0,,ACTIVE,,60637,M,2002-11-09,2024-12-06,2233.0,7989 days,9,True,False
530,Evan,Tung,7956,80197,"Hillsborough, CA",,2232,2021-11-21,2131,2020-03-10,ACTIVE,CA,94010,M,2000-06-17,2100-02-28,2256.0,8864 days,54,True,False
533,Roger,Liu,4642,82029,"New York, OH",Twinsburg Table Tennis Club,2230,2024-08-25,2197,2017-06-24,ACTIVE,OH,10016,M,2001-03-07,2025-05-25,2389.0,8601 days,106,True,False
540,Alan,Chen,1117,88147,"Warren, NJ",New York University NCAA,2228,2024-06-30,2312,2015-11-03,ACTIVE,NJ,7059,M,2002-05-01,2025-05-23,2330.0,8181 days,60,True,False
543,Amber,Liu,113114,212114,"Johns Creek, GA",NC International Table Tennis (NCITT),2228,2024-08-18,0,,ACTIVE,GA,30022,F,2008-05-21,2024-12-14,2270.0,5969 days,54,True,True
544,Steven,Granaturov,2596,95340,"Brooklyn, NY",Nison's Table Tennis School,2227,2024-07-28,2333,2024-07-26,ACTIVE,NY,11210,M,2001-03-02,2025-05-19,2357.0,8606 days,85,True,False
549,Kary,Fang,112608,211608,"Fort Collins, CO",Mile High Table Tennis Academy,2226,2024-08-04,670,2017-08-13,ACTIVE,CO,80528,F,2006-05-25,2024-10-28,2273.0,6696 days,50,True,True
575,Ian,Seidenfeld,6931,80503,"Lakeville, MN",Table Tennis Minnesota,2215,2024-07-07,2316,2023-01-27,ACTIVE,MN,55044,M,2001-07-17,2100-12-31,2225.0,8469 days,65,True,False
586,Genelia,William,116165,215165,"Fremont, CA",(TTA) Table Tennis America,2210,2024-07-07,2000,2024-06-30,ACTIVE,CA,94538,F,2009-01-17,2025-06-17,2210.0,5728 days,55,True,True
590,Daria,Fahimi,115365,214365,"Franklin Lakes, NJ",,2208,2022-12-21,2326,2022-11-18,ACTIVE,NJ,7417,F,2007-10-02,2100-02-28,2208.0,6201 days,88,True,True
591,Angelica,Arellano,231,92195,"Fullerton, CA",Grace Lin TTC,2208,2023-08-13,0,,ACTIVE,CA,92831,F,2007-01-04,2024-11-14,2286.0,6472 days,77,True,True
593,Alireza,Khatibi,115915,214915,"Fremont, CA",888 Table Tennis Center,2207,2023-07-07,2111,2024-09-08,ACTIVE,CA,94538,M,2004-07-30,2024-05-24,2289.0,7360 days,42,True,False
596,Aria,Shi,123815,222815,"Princeton, NJ","Princeton Pong, LLC",2206,2024-09-08,2356,2024-09-06,ACTIVE,NJ,8540,F,2009-07-04,2025-02-25,2255.0,5560 days,86,True,True
602,Marty,Stoner,7450,96235,"South Bend, IN",,2203,2024-03-17,0,,ACTIVE,IN,46616,M,2003-03-11,2025-03-21,2264.0,7867 days,38,True,False
610,Tiffany,Lam,4095,96513,"Pleasanton, CA",888 Table Tennis Center,2202,2023-07-07,1992,2022-09-04,ACTIVE,CA,94566,F,2005-06-05,2025-07-03,2202.0,7050 days,44,True,True
614,Anthony,Chu,1323,71673,"Milpitas, CA","The Top Spin, LLC",2200,2024-09-02,2217,2022-10-27,ACTIVE,CA,95035,M,1998-11-06,2023-06-03,2395.0,9453 days,91,True,False
615,Amy,Zhang,119649,218649,"San Jose, CA",(TTA) Table Tennis America,2200,2023-07-07,2046,2023-09-23,ACTIVE,CA,95132,F,2008-10-16,2025-07-24,2261.0,5821 days,30,True,True
619,Tony,Ma,116463,215463,"Cary, NC",Triangle Badminton & Table Tennis,2200,2024-09-02,2066,2024-09-08,ACTIVE,NC,27519,M,1999-03-16,2024-09-15,2202.0,9323 days,47,True,False
645,Dean,Schultz,6876,92367,"Portland, OR",,2190,2021-11-28,2097,2021-08-21,ACTIVE,OR,97221,M,2004-04-02,2023-08-30,2190.0,7479 days,40,True,False
656,Dariah,Feng,125231,224231,"Pleasanton, CA",Kou Lei Table Tennis Club,2186,2024-08-25,2033,2024-09-07,ACTIVE,CA,94566,F,2010-10-10,2025-03-05,2208.0,5097 days,48,True,True
664,Handson,Li,4411,95284,"Pleasanton, CA",888 Table Tennis Center,2183,2023-07-07,2133,2023-06-04,ACTIVE,CA,94588,M,2005-09-25,2025-08-01,2299.0,6938 days,59,True,False
667,Bradley,Robbins,6552,92461,"Windham, NH",C&C Table Tennis,2183,2024-06-16,2202,2024-08-23,ACTIVE,NH,3087,M,1997-03-27,2024-12-15,2247.0,10042 days,203,True,False
679,Ryan,Hoarfrost,3060,11877,"Lake Oswego, OR",Paddle Palace Club,2178,2024-09-08,2124,2014-08-01,ACTIVE,OR,97035,M,1987-11-13,2025-05-28,2276.0,13464 days,126,True,False
680,Anastasia,Wang,8223,95295,"Fremont, CA",,2177,2024-08-25,1968,2022-06-18,ACTIVE,CA,94539,F,2004-11-18,2025-08-15,2224.0,7249 days,48,True,True
692,Kyle,Yu,8923,75613,"Millburn, NJ",New Jersey Table Tennis Club,2174,2018-03-02,2102,2016-07-25,ACTIVE,NJ,7041,M,1998-06-10,2100-02-28,2174.0,9602 days,35,True,False
696,Kelly,Zhao,9084,86018,"Plano, TX",,2172,2024-03-16,2195,2019-10-26,ACTIVE,TX,75075,F,2003-06-26,2025-03-19,2348.0,7760 days,91,True,True
713,Joseph,Wang,8269,23760,"Rockville, MD",MDTTC - Maryland Table Tennis Center,2165,2018-03-02,2052,2009-04-19,ACTIVE,MD,20850,M,1991-01-26,2100-02-28,2272.0,12294 days,76,True,False
714,Daniel,Tan,7637,84597,"MANVEL, TX",,2165,2018-03-02,2079,2022-11-12,ACTIVE,TX,77578,M,2002-05-31,2025-03-01,2165.0,8151 days,20,True,False
719,Logan,Watson,8359,92943,"Moore, OK",Oklahoma City Table Tennis Club,2163,2024-08-11,1908,2024-06-27,ACTIVE,OK,73160,M,1998-11-18,2025-01-14,2198.0,9441 days,53,True,False
721,Joe,Podvin,6183,13313,"Brooklyn Park, MN",Table Tennis Minnesota,2162,2024-05-05,2016,2013-04-13,ACTIVE,MN,55443,M,1985-06-17,2025-05-10,2283.0,14343 days,117,True,False
726,Geetha,Krishna,125135,224135,"Marietta, GA",East Cobb Sports Table Tennis,2160,2024-08-18,0,,ACTIVE,GA,30062,F,2010-05-27,2024-11-01,2209.0,5233 days,64,True,True
734,Medha,Krishna,119837,218837,"Marietta, GA",East Cobb Sports Table Tennis,2158,2024-08-18,0,,ACTIVE,GA,30062,F,2007-03-24,2024-11-01,2239.0,6393 days,74,True,True
740,Cameron,Smith,7228,82859,"Charlotte, NC",Charlotte Table Tennis Club,2156,2024-08-11,2236,2024-08-22,ACTIVE,NC,28217,M,1999-06-15,2025-03-10,2215.0,9232 days,55,True,False
747,Ayllon,Giladi,58815,25344,"Portland, OR",Paddle Palace Club,2154,2024-09-08,2029,2023-06-09,ACTIVE,OR,97202,M,1992-06-06,2025-07-03,2168.0,11797 days,62,True,False
757,Michael,Li,32242,73467,"Sunnyvale, CA",,2150,2024-09-02,2013,2024-09-08,ACTIVE,CA,94087,M,2000-04-16,2026-07-25,2177.0,8926 days,61,True,False
771,Purvi,Soni,102306,98261,"Fremont, CA",,2147,2022-07-07,2118,2022-07-30,ACTIVE,CA,94539,F,2006-11-11,2025-02-01,2244.0,6526 days,43,True,True
782,Michael,Zhang,9033,89100,"Middletown, NJ",Lily Yip Table Tennis Center,2143,2024-08-04,2339,2024-09-06,ACTIVE,NJ,7748,M,2002-07-13,2025-06-24,2217.0,8108 days,54,True,False
787,Winston,Kalicharan,69993,14752,"Scarborough, On, FN",,2141,2024-05-26,0,,ACTIVE,FN,M1N 3P3,M,1991-05-02,2025-05-23,2141.0,12198 days,19,True,False
788,David,Chow,16108,27027,"North Hollywood, CA",Westside Table Tennis Center,2141,2024-08-04,1955,2006-08-26,ACTIVE,CA,91601,M,1992-04-30,2025-01-08,2194.0,11834 days,51,True,False
790,Peter Jie,Yang,8788,78089,"Madison, WI",Madison Table Tennis Club,2140,2024-09-02,2043,2024-08-18,ACTIVE,WI,53717,M,1999-05-20,2100-02-28,2329.0,9258 days,76,True,False
797,William,Huang,180401,279401,"Seattle, WA",MDTTC - Maryland Table Tennis Center,2139,2019-12-01,2080,2024-08-17,ACTIVE,WA,98109,M,2003-02-14,2025-06-24,2177.0,7892 days,65,True,False
808,Louis,Schlessinger,6854,86783,"Philadelphia, PA",,2136,2024-08-25,2162,2024-08-23,ACTIVE,PA,19103,M,1996-01-02,2024-10-09,2136.0,10492 days,69,True,False
809,Kayleigh,Cui,116499,215499,"San Diego, CA",,2135,2024-05-27,1991,2024-03-22,ACTIVE,CA,92130,F,2006-02-02,2025-03-31,2219.0,6808 days,55,True,True
819,Amoolya,Menon,122340,221340,"Mount Kisco, NY",,2133,2024-07-07,2181,2024-05-17,ACTIVE,NY,10549,F,2009-02-16,2027-04-02,2351.0,5698 days,74,True,True
825,Priya,Venkateraman,171128,1171128,"Fort Collins, CO",,2129,2024-08-04,0,,ACTIVE,CO,80528,F,2009-10-10,2025-04-10,2217.0,5462 days,27,True,True
851,Jameson,Bernard,12030,76852,"Lancaster, PA",PINGPOD,2121,2024-09-08,1944,2013-05-05,ACTIVE,PA,17603,M,1991-07-10,2025-02-06,2234.0,12129 days,93,True,False
852,Daniel,Zhou,9128,97477,"San Diego, CA",,2120,2020-01-19,1969,2024-07-12,ACTIVE,CA,92130,M,2004-05-03,2025-07-04,2224.0,7448 days,31,True,False
864,Dion,Miller,5257,93351,"South Bend, IN",South Bend Table Tennis Club,2117,2024-03-17,1971,2022-11-28,ACTIVE,IN,46628,M,2002-10-10,2024-11-01,2173.0,8019 days,41,True,False
887,Daniel,Gong,2519,90833,"McLean, VA",,2111,2024-06-01,2113,2023-06-09,ACTIVE,VA,22102,M,1999-11-23,2025-03-26,2120.0,9071 days,42,True,False
892,David,Landry,4118,19736,"Owens Cross Roads, AL",North Alabama Table Tennis Club,2109,2024-07-07,0,,ACTIVE,AL,35763,M,1987-03-01,2025-07-03,2134.0,13721 days,58,True,False
894,Brandon,Koh,3873,85572,"Duluth, GA",Atlanta International Table Tennis Academy,2109,2023-12-21,1968,2024-01-05,ACTIVE,GA,92078,M,2000-11-03,2025-01-01,2147.0,8725 days,46,True,False
920,Tyler,Spesick,7350,72870,"Cool, CA",,2100,2024-08-25,2055,2024-06-16,ACTIVE,CA,95614,M,1991-09-01,2025-03-11,2183.0,12076 days,57,True,False
924,Amanda,Malek,4916,81522,"Costa Mesa, CA",Power Pong TTA,2098,2023-12-21,2101,2023-09-15,ACTIVE,CA,92626,F,1998-08-11,2024-12-26,2319.0,9540 days,137,True,True
930,Des,Preston,6244,73084,"Cambridge, MA",Boston Table Tennis Center,2096,2024-02-18,2105,2020-03-03,ACTIVE,MA,2140,M,1990-04-29,2026-02-20,2185.0,12566 days,53,True,False
931,Billy,Joe,3467,79440,"West Windsor, NJ",,2096,2024-03-31,2306,2020-10-20,ACTIVE,NJ,8550,M,1998-03-22,2024-10-11,2302.0,9682 days,136,True,False
943,Moustapha,Nasser,37767,33797,"Raleigh, NC",,2094,2024-08-04,0,,ACTIVE,NC,27612,M,1994-12-21,2025-08-08,2094.0,10869 days,62,True,False
953,Ethan,Keller,3679,95531,"Thiensville, WI",,2092,2024-07-28,2075,2019-05-10,ACTIVE,WI,53092,M,2001-04-11,2025-01-17,2220.0,8566 days,47,True,False
956,Andrew,Knips,29574,20728,"Philadelphia, PA",,2091,2023-06-04,0,,ACTIVE,PA,19125,M,1986-08-20,2025-07-24,2166.0,13914 days,39,True,False
962,Anton,Berman,564,81904,"Seattle, WA",,2089,2024-08-04,2089,2024-08-17,ACTIVE,WA,98107,M,1997-04-30,2025-01-07,2165.0,10008 days,51,True,False
968,Zili,Wang,8337,86064,"Fremont, CA",I Table Tennis,2088,2024-07-07,1933,2024-06-30,ACTIVE,CA,94538,M,2000-08-19,2024-12-16,2088.0,8801 days,25,True,False
984,Brian,Chia,1249,30737,"Newcastle, WA",Seattle Pacific Table Tennis Club,2085,2023-03-05,2149,2023-09-16,ACTIVE,WA,98059,M,1993-03-15,2024-09-16,2193.0,11515 days,86,True,False
1005,Akshara,Badri,120240,219240,"Fremont, CA",Rising Stars World Table Tennis Academy,2080,2024-08-25,1963,2024-08-31,ACTIVE,CA,94539,F,2009-10-26,2024-10-31,2247.0,5446 days,43,True,True
1006,David,Lam,4079,85278,"Morris Plains, NJ",New Jersey Table Tennis Club,2079,2018-05-06,2041,2019-11-01,ACTIVE,NJ,7950,M,2000-12-06,2217-05-31,2092.0,8692 days,21,True,False
1013,John,Hsu,3163,33903,"Rockville, MD",MDTTC - Maryland Table Tennis Center,2076,2024-07-14,2096,2018-11-06,ACTIVE,MD,20850,M,1993-12-23,2025-07-15,2285.0,11232 days,80,True,False
1023,Ark,Ouyang,5861,97418,"Annandale, NJ",Matchpoint Table Tennis Center NJ,2074,2024-06-30,2114,2023-06-30,ACTIVE,NJ,8801,M,2003-11-11,2024-11-23,2141.0,7622 days,69,True,False
1034,Joshua,Cheng,15580,89842,"Mountain View, CA",,2072,2018-03-02,1630,2014-09-07,ACTIVE,CA,94043,M,1999-04-17,2014-12-31,2072.0,9291 days,9,True,False
1050,Jesse,Oh,5782,97021,"Fort Lee, NJ",,2068,2024-07-28,2111,2024-04-06,ACTIVE,NJ,7024,M,2002-08-23,2025-04-09,2134.0,8067 days,65,True,False
1051,Anthony,Capasso,934,91703,"Milford, CT",,2068,2024-03-10,2187,2023-09-01,ACTIVE,CT,6460,M,1999-08-03,2025-03-14,2182.0,9183 days,66,True,False
1053,Xing,Xiong,54015,30401,"Largo, FL",,2068,2024-01-27,2033,2023-12-26,ACTIVE,FL,44221,M,1988-09-12,2024-12-27,2126.0,13160 days,39,True,False
1056,Harrison,Glasberg,157583,1157583,"Scottsdale, AZ","Table Tennis & More, Inc.",2067,2024-07-28,2025,2024-08-16,ACTIVE,AZ,85260,M,2004-12-14,2025-06-04,2083.0,7223 days,34,True,False
1060,Sean,Chen,1186,92281,"San Diego, CA",,2066,2024-05-19,2127,2024-09-06,ACTIVE,CA,92130,M,2002-02-22,2025-01-26,2066.0,8249 days,26,True,False
1076,Marvin,Yu,118681,217681,"Tenafly, NJ",Matchpoint Table Tennis Center NJ,2062,2024-07-28,1973,2024-05-19,ACTIVE,NJ,7670,M,2002-10-15,2025-07-10,2102.0,8014 days,35,True,False
1091,Felix,Li,4406,87979,"San Francisco, CA",888 Table Tennis Center,2059,2024-03-23,2061,2022-05-22,ACTIVE,CA,94121,M,2000-09-16,2025-07-05,2156.0,8773 days,36,True,False
1095,Ethan,McBride,35319,77854,"New Haven, CT",North Texas Table Tennis Club (NTTTC),2059,2021-11-13,1456,2010-11-18,ACTIVE,CT,6520,M,1999-02-15,2299-09-30,2059.0,9352 days,19,True,False
1097,Brian,Brzycki,13421,78647,"Griffith, IN",,2058,2024-02-04,0,,ACTIVE,IN,46319,M,1997-11-18,2025-01-29,2101.0,9806 days,43,True,False
1101,Stephanie,Zhang,102374,98300,"Rockville, MD",,2057,2024-05-05,2062,2020-02-07,ACTIVE,MD,20834,F,2003-06-19,2024-11-10,2097.0,7767 days,36,True,False
1117,Peter (Liyang),Hua,25971,24333,"Chicago, IL",,2053,2018-03-02,1983,2024-09-03,ACTIVE,IL,60611,M,1986-10-23,2025-04-04,2302.0,13850 days,29,True,False
1134,Behdad,Rahdar,6346,88567,"Spring, TX",,2049,2024-05-12,2113,2018-09-07,ACTIVE,TX,77373,M,1998-07-28,2025-02-22,2170.0,9554 days,25,True,False
1139,Rishi,Sankar,6799,97483,"Palo Alto, CA",,2048,2021-09-06,1833,2024-02-07,ACTIVE,CA,94303,M,2001-11-12,2025-01-08,2106.0,8351 days,33,True,False
1143,Ryan,Hsu,25868,30740,"Beaverton, OR",,2046,2018-03-02,1941,2024-08-19,ACTIVE,OR,97006,M,1987-02-19,2025-08-08,2046.0,13731 days,26,True,False
1172,D.j.,Settle,6960,14685,"Raleigh, NC",,2041,2023-11-26,2007,2010-02-15,ACTIVE,NC,27610,M,1984-03-16,2024-12-01,2211.0,14801 days,194,True,False
1183,Danny,Wan,120179,219179,"Potomac, MD",Potomac Country Table Tennis Club,2038,2024-08-03,1974,2020-02-28,ACTIVE,MD,20854,M,2005-05-14,2025-05-19,2046.0,7072 days,76,True,False
1196,Ryan,Tseng,7934,86095,"Fremont, CA",JWTTC,2037,2024-08-25,1971,2016-01-23,ACTIVE,CA,94539,M,2000-04-24,2025-06-28,2054.0,8918 days,24,True,False
1201,David,Trykall,7917,73055,"Munster, IN",South Bend Table Tennis Club,2036,2018-03-02,0,,ACTIVE,IN,46231,M,1993-03-14,2100-02-28,2125.0,11516 days,65,True,False
1226,Patrick,Furgason,21406,81488,"Austin, TX",,2031,2023-07-29,1960,2024-01-10,ACTIVE,TX,78704,M,1996-11-23,2024-01-24,2031.0,10166 days,19,True,False
1234,Aarthi,Loganathan,118446,217446,"Maple Grove, MN",Table Tennis Minnesota,2029,2023-11-04,2117,2022-08-26,ACTIVE,MN,55311,F,2006-09-26,2025-07-04,2215.0,6572 days,66,True,True
1238,Alexander,Cai,888,94668,"Mequon, WI",,2028,2023-11-26,1609,2017-09-08,ACTIVE,WI,53092,M,2004-06-28,2216-11-30,2064.0,7392 days,55,True,False
1244,Jiaming,Zheng,117579,216579,"New York, NY",,2026,2024-06-30,1960,2024-02-12,ACTIVE,NY,10029,M,1999-08-30,2024-10-24,2037.0,9156 days,46,True,False
1260,Daniel,Vila,8128,29997,"New York, NY",,2024,2022-09-17,0,,ACTIVE,NY,10025,M,1990-08-01,2023-09-20,2100.0,12472 days,27,True,False
1274,Nicholas,Nash,123829,222829,"Rockville, MD",MDTTC - Maryland Table Tennis Center,2022,2024-08-25,1870,2020-03-03,ACTIVE,MD,20850,M,2004-10-04,2024-08-22,2068.0,7294 days,43,True,False
1288,Weiliang Jordan,Sun,48172,89073,"Urbana, IL",,2019,2019-08-03,0,,ACTIVE,IL,30024,M,2001-06-07,2025-06-16,2019.0,8509 days,26,True,False
1293,Risheetha,Bhagawatula,124797,223797,"Cary, NC",Carolina International Table Tennis Academy (CITTA),2018,2023-07-07,963,2018-06-26,ACTIVE,NC,27519,F,2005-02-22,2025-01-20,2065.0,7153 days,35,True,False
1298,David,Katz,28548,1291,"Jersey City, NJ",Hot Shot Table Tennis,2016,2023-02-12,2175,2022-03-04,ACTIVE,NJ,7306,M,1993-11-10,2025-08-04,2022.0,11275 days,11,True,False
1303,Jenson,Van Emburgh,8047,89159,"Naples, FL",Naples Pong,2015,2024-07-07,1949,2023-03-08,ACTIVE,FL,34114,M,2000-05-28,2100-12-31,2090.0,8884 days,41,True,False
1336,Aditya,Oak,38831,94602,"Sugar Land, TX",Houston Table Tennis Association Inc.,2012,2024-08-11,2017,2024-01-06,ACTIVE,TX,77479,M,2005-01-12,2025-07-01,2012.0,7194 days,41,True,False
1343,Yifei,Fang,130956,229956,"Sugar Land, TX",,2010,2024-06-30,2055,2020-02-28,ACTIVE,TX,77479,M,2004-03-30,2025-05-22,2109.0,7482 days,16,True,False
1344,Michael,Song,7315,94940,"Bayside, NY",Chinese Community Center of Flushing Inc,2010,2024-04-14,1769,2017-06-02,ACTIVE,NY,11360,M,1999-10-12,2025-04-16,2061.0,9113 days,88,True,False
1362,Jean-Augustin,Touton,115918,214918,"New York, NY",PINGPOD,2007,2024-04-14,1879,2023-01-16,ACTIVE,NY,10021,M,2000-11-10,2122-09-19,2174.0,8718 days,27,True,False
1364,Alex,Segesta,6926,91166,"Plano, TX",,2006,2024-08-11,2090,2024-08-09,ACTIVE,TX,75025,M,2000-09-05,2025-08-15,2031.0,8784 days,26,True,False
1374,Sophie,Wu,8645,93483,"San Diego, CA",Learning Tree Table Tennis Club,2005,2024-04-28,1982,2024-03-15,ACTIVE,CA,92130,F,2003-03-13,2025-04-25,2045.0,7865 days,21,True,False
1411,Siddharth,Khandelwal,3736,31279,"Akron, OH",Samson Dubina Table Tennis Academy,1995,2024-03-23,0,,ACTIVE,OH,44303,M,1988-12-20,2024-11-22,2047.0,13061 days,85,True,False
1413,Jeffrey,Liu,4617,89868,"Plainsboro, NJ","Princeton Pong, LLC",1994,2018-10-06,833,2013-11-02,ACTIVE,NJ,8536,M,2003-07-08,2025-01-11,1997.0,7748 days,27,True,False
1440,Ronald,Yu,8930,32315,"Yorba Linda, CA",,1990,2024-06-09,1874,2024-06-07,ACTIVE,CA,92887,M,1997-03-11,2025-03-26,2107.0,10058 days,132,True,False
1454,Jia-Yu,Sung,7535,82230,"Campbell, CA",ICC Table Tennis Center,1986,2022-12-21,1698,2024-06-29,ACTIVE,CA,95008,F,2002-10-16,2025-06-16,1986.0,8013 days,25,True,False
1465,Raymond,Yip,54768,22026,"Milpitas, CA",,1984,2018-03-02,1986,2024-01-18,ACTIVE,CA,95035,M,1984-12-14,2024-12-14,1988.0,14528 days,44,True,False
1473,Nolan,Yu,121190,220190,"San Jose, CA",Super Spin Table Tennis Club,1982,2023-08-27,1887,2022-08-13,ACTIVE,CA,0,M,2005-09-14,2025-08-06,2022.0,6949 days,38,True,False
1478,Luke,Zheng,55851,83635,"Boston, MA",Boston Table Tennis Center,1981,2024-06-30,1994,2024-08-17,ACTIVE,MA,2215,M,1998-09-22,2025-05-22,2122.0,9498 days,45,True,False
1485,Thomas,Yost,8887,14987,"Evans, OH",,1979,2024-08-18,2057,2024-05-19,ACTIVE,OH,30809,M,1982-11-17,2024-11-30,2246.0,15286 days,166,True,False
1493,Noah,Clark,1378,81273,"Lahaina, HI",,1977,2023-12-21,1787,2012-06-13,ACTIVE,HI,96761,M,1996-11-11,2024-12-02,1990.0,10178 days,25,True,False
1500,Cesar,Serna,6955,2316,"Austin, TX",San Antonio Table Tennis Club,1976,2024-08-31,1946,2024-08-28,ACTIVE,TX,78723,M,1981-03-04,2024-12-22,2156.0,15909 days,88,True,False
1510,Kevin,Yang,121984,220984,"Chatham, NJ",,1973,2024-08-25,2017,2024-08-29,ACTIVE,NJ,7928,M,2004-03-05,2025-07-04,2032.0,7507 days,40,True,False
1523,Aneece,Khalek,28917,73589,"Marietta *, GA",,1971,2024-07-20,0,,ACTIVE,GA,30067,M,1989-12-01,2025-03-27,1997.0,12715 days,14,True,False
1528,Aansh,Jha,112738,211738,"Lexington, MA",Westford Table Tennis Club,1970,2024-07-28,1335,2017-08-22,ACTIVE,MA,2420,M,2003-05-06,2025-05-05,1970.0,7811 days,57,True,False
1538,Rishikumar,Gopalan,2557,87728,"Fremont, CA",,1967,2024-04-20,1948,2019-08-03,ACTIVE,CA,94539,M,2001-12-28,2025-03-27,2189.0,8305 days,52,True,False
1549,Gideon,Teitel,7715,75508,"New York, NY",King Pong in Soho,1964,2020-10-25,2160,2020-02-28,ACTIVE,NY,10018,M,1995-06-10,2100-02-28,2091.0,10698 days,141,True,False
1562,David,Rudesill,43673,2730,"Lakewood, CO",DenverPong,1961,2024-03-09,1883,2013-09-15,ACTIVE,CO,80227,M,1980-09-20,2025-02-07,2104.0,16074 days,111,True,False
1585,Akash,Tembe,7719,89690,"Plymouth, MN",Table Tennis Minnesota,1956,2023-10-29,748,2013-03-30,ACTIVE,MN,55446,M,2002-06-28,2024-11-01,2070.0,8123 days,32,True,False
1595,Jerome,Vallar,113066,212066,"Escondido, CA",,1955,2024-08-11,0,,ACTIVE,CA,92129,M,1998-08-18,2026-03-11,2090.0,9533 days,33,True,False
1613,Sam,Kim,3783,91329,"Wheeling, IL",,1952,2024-07-07,0,,ACTIVE,IL,60090,M,2000-06-15,2025-07-11,1952.0,8866 days,32,True,False
1632,Matthew,Ioffe,3333,94630,"Brooklyn, NY",,1948,2023-12-02,0,,ACTIVE,NY,11235,M,2005-06-13,2024-11-14,1984.0,7042 days,44,True,False
1634,Alvin,Chen,1120,89725,"Bayside, NY",,1948,2024-06-01,1813,2017-07-08,ACTIVE,NY,11364,M,2000-10-29,2025-05-30,1996.0,8730 days,68,True,False
1635,Tyler,Li,4457,90608,"Fort Wayne, IN",,1948,2024-03-17,0,,ACTIVE,IN,46845,M,2004-01-19,2025-03-24,1958.0,7553 days,33,True,False
1646,Daniel,Moon,5379,78855,"Schwenksville, PA",PingPod Philadelphia,1945,2024-08-04,1858,2024-08-27,ACTIVE,PA,19473,M,1995-06-09,2025-02-08,2013.0,10699 days,29,True,False
1650,Bryson,Liu,118073,217073,"Riverside, CA",,1945,2024-08-04,1848,2023-05-12,ACTIVE,CA,92508,M,2003-04-13,2025-08-08,1952.0,7834 days,50,True,False
1661,Qing,Chai,97751,196751,"Redwood City, CA",,1944,2024-01-27,1943,2024-01-24,ACTIVE,CA,94063,M,2004-06-02,2025-06-27,1944.0,7418 days,14,True,False
1669,Quan,Ho,25254,92055,"Henrico, VA",,1942,2024-04-07,0,,ACTIVE,VA,23294,M,1995-05-01,2025-03-01,1966.0,10738 days,12,True,False
1689,Rolan,Guang,116498,215498,"San Diego, CA",Learning Tree Table Tennis Club,1937,2024-01-21,0,,ACTIVE,CA,92130,M,2004-11-24,2025-01-23,1988.0,7243 days,18,True,False
1706,Siddharth,Vadlamani,8021,92810,"Austin, TX",Austin Table Tennis Club,1934,2024-07-27,1586,2024-07-31,ACTIVE,TX,78759,M,2004-11-10,2025-02-14,1934.0,7257 days,34,True,False
1725,Willa,Gu,23299,30325,"Brooklyn, NY",,1931,2018-03-02,0,,ACTIVE,NY,11201,F,1993-08-31,2024-10-09,1931.0,11346 days,29,True,False
1743,Yanyu,Xie,116584,215584,"Mooresville, NC",Georgia Tech Table Tennis Association,1928,2023-12-17,2020,2023-05-18,ACTIVE,NC,28115,F,2002-07-17,2024-11-10,2045.0,8104 days,34,True,False
1748,Amel,Medunjanin,5158,85881,"Fairfield, CT",Connecticut TTA- Bethany & Prospect Table Tennis Club,1927,2023-11-26,0,,ACTIVE,CT,6825,M,1999-10-25,2024-12-01,2148.0,9100 days,89,True,False
1753,Dustin,Zemaitis,8984,73705,"Rochester, NY",Genesee Valley TTC (GVTTC),1926,2024-05-05,0,,ACTIVE,NY,14617,M,1990-01-15,2025-02-21,1957.0,12670 days,46,True,False
1773,David,Varkey,8068,79501,"Chambersburg, PA",The Table Tennis Centre,1922,2018-03-02,1018,2013-03-10,ACTIVE,PA,17201,M,1995-12-08,2100-02-28,1922.0,10517 days,36,True,False
1785,Michael,Yu,8925,70293,"Rochester, NY",Genesee Valley TTC (GVTTC),1921,2018-03-02,1072,2006-03-20,ACTIVE,NY,14626,M,1990-12-14,2100-02-28,1921.0,12337 days,13,True,False
1811,Zachary,Moy,5429,77490,"Schaumburg, IL",Schaumburg Table Tennis Club,1916,2024-06-02,0,,ACTIVE,IL,60194,M,1996-08-25,2100-02-28,1975.0,10256 days,81,True,False
1817,Peter,Cao,120413,219413,"San Diego, CA",Learning Tree Table Tennis Club,1915,2024-08-04,1850,2024-06-21,ACTIVE,CA,92129,M,2002-07-10,2024-11-15,1964.0,8111 days,60,True,False
1834,Linpeng,Chen,112677,211677,"Flushing, NY",PINGPOD,1912,2024-08-25,0,,ACTIVE,NY,11358,M,2000-06-20,2025-08-06,2004.0,8861 days,49,True,False
1849,Jack,FINK,172165,271165,"Los Angeles, CA",,1910,2024-08-24,1879,2023-09-15,ACTIVE,CA,90046,M,2004-06-19,2024-09-29,2002.0,7401 days,44,True,False
1875,Rohit,Dewan,1711,29186,"Herndon, VA",Northern VA Table Tennis Center (NOVATTC),1906,2018-03-02,1662,2014-10-12,ACTIVE,VA,20171,M,1988-04-09,2025-06-01,1916.0,13316 days,45,True,False
1926,Joshua,Acevedo,121482,220482,"Pembroke Pines, FL","Broward Table Tennis Club, Inc.",1899,2024-03-31,1812,2019-03-22,ACTIVE,FL,33029,M,2005-03-26,2025-04-01,2104.0,7121 days,26,True,False
1938,Alan,Pruce,6263,19698,"Hollywood, SC",,1898,2018-03-02,1892,2013-06-02,ACTIVE,SC,29449,M,1983-12-03,2024-11-27,1931.0,14905 days,48,True,False
1990,Joel,Liu,4620,75202,"Brooklyn, NY",,1889,2024-08-25,1991,2024-07-05,ACTIVE,NY,11235,M,1990-07-22,2024-11-23,2094.0,12482 days,28,True,False
2014,San KoKo,Htet,25882,86077,"New York, NY",PINGPOD,1885,2024-08-25,1970,2024-09-10,ACTIVE,NY,10016,M,1995-10-03,2024-09-15,1950.0,10583 days,33,True,False
2026,Keenan,Tanti,7672,74926,"Pomona, CA",Grace Lin TTC,1884,2018-03-02,1580,2010-04-17,ACTIVE,CA,91766,M,1997-02-25,2100-02-28,1916.0,10072 days,12,True,False
2041,Imaad,Ahmed,125121,224121,"Corona, CA",,1881,2023-06-10,1667,2023-09-09,ACTIVE,CA,92882,M,2005-02-08,2024-10-11,1951.0,7167 days,10,True,False
2069,Alexander,Chasteen,1096,95742,"New York, NY",,1877,2024-08-25,1200,2016-06-26,ACTIVE,NY,10019,M,2003-09-06,2024-11-01,1877.0,7688 days,19,True,False
2075,George,Nie,5696,71290,"Annandale, VA",Northern VA Table Tennis Center (NOVATTC),1876,2024-07-14,1890,2016-08-12,ACTIVE,VA,22003,M,1996-05-02,2025-07-10,2046.0,10371 days,77,True,False
2086,Brian,Tsang,7925,79859,"Austin, TX",Austin Table Tennis Club,1875,2018-03-02,1422,2023-10-25,ACTIVE,TX,78754,M,1998-01-14,2024-09-26,1875.0,9749 days,37,True,False
2095,Jamy,Sneeden,117254,216254,"Shorewood Wi, MN",,1872,2024-08-04,0,,ACTIVE,MN,53211,M,2003-02-23,2025-08-08,1906.0,7883 days,36,True,False
2096,Shiheng,Qiu,116243,215243,"Frisco, TX",,1872,2023-11-26,1689,2019-10-26,ACTIVE,TX,,M,2005-06-24,2024-10-29,1892.0,7031 days,23,True,False
2107,Justin,Do,1780,74228,"Bridgewater, NJ",,1872,2018-03-02,1799,2019-02-15,ACTIVE,NJ,8807,M,1995-06-07,2100-02-28,1921.0,10701 days,25,True,False
2108,Victor,Imbo,3325,84717,"Saint Paul, MN",,1872,2023-09-04,1650,2024-08-25,ACTIVE,MN,55103,M,2000-05-20,2025-06-30,2013.0,8892 days,37,True,False
2152,Derek,Lee,31366,75598,"Lawrenceville, GA",Atlanta International Table Tennis Academy,1865,2023-11-26,0,,ACTIVE,GA,30044,M,1996-05-23,2024-12-01,1865.0,10350 days,46,True,False
2167,Ronnie,Coleman,1413,97654,"South Bend, IN",,1862,2024-03-17,1849,2022-11-28,ACTIVE,IN,46628,M,2000-09-25,2024-11-01,1871.0,8764 days,29,True,False
2174,Nate,Wilkinson,165042,1165042,"Beaverton, OR",Paddle Palace Club,1861,2024-09-08,0,,ACTIVE,OR,97007,M,2004-01-25,2025-03-30,1861.0,7547 days,22,True,False
2176,Liam,Cannon,121307,220307,"West Greenwich, RI",RHODE ISLAND TTA,1861,2024-08-25,0,,ACTIVE,RI,2817,M,2001-08-07,2024-07-30,1876.0,8448 days,34,True,False
2201,Joe,Yuan,55055,90498,"San Jose, CA",,1856,2024-08-04,1678,2024-09-07,ACTIVE,CA,95132,M,2000-04-29,2024-10-21,1856.0,8913 days,13,True,False
2247,Brian,Ngeunjuntr,5603,94254,"Willowbrook, IL",Experior Table Tennis Club,1848,2024-07-07,1786,2020-02-29,ACTIVE,IL,60527,M,2002-12-24,2025-10-24,1994.0,7944 days,59,True,False
2258,Levi,Leder,4211,94823,"Woodbury, NY",,1846,2024-04-28,1779,2020-03-06,ACTIVE,NY,11797,M,2003-12-15,2026-04-16,1846.0,7588 days,27,True,False
2283,Jane,Medved,5159,95331,"Brooklyn, NY",,1842,2024-07-28,0,,ACTIVE,NY,11218,F,2003-04-16,2025-07-03,1934.0,7831 days,67,True,False
2309,Willem,Vandermeulen,184319,283319,"VERNON CENTER, NY",Mohawk Valley Table Tennis Club,1840,2024-05-05,1553,2015-06-29,ACTIVE,NY,13477,M,1993-03-30,2025-04-16,1930.0,11500 days,25,True,False
2316,Saket,Upperla,8007,95193,"Allen, TX",,1838,2024-07-07,0,,ACTIVE,TX,75013,M,2005-01-21,2025-07-03,1838.0,7185 days,27,True,False
2325,Rahul,Chatwani,15022,81586,"Fremont, CA",,1838,2024-02-19,1737,2024-02-04,ACTIVE,CA,94539,M,1999-07-18,2024-10-20,1865.0,9199 days,12,True,False
2331,Jack,Qin,6302,94988,"Castro Valley, CA",Alameda Table Tennis Club (ATTC),1837,2024-08-04,1824,2023-09-22,ACTIVE,CA,94546,M,2001-10-28,2024-11-17,1844.0,8366 days,20,True,False
2342,Dalton,Banh,407,77885,"New York, NY",PINGPOD,1834,2023-09-16,1827,2023-03-13,ACTIVE,NY,10021,M,1995-02-26,2024-11-18,1889.0,10802 days,39,True,False
2368,Logan,Herman,2968,94695,"Gibsonia, PA",Pittsburgh Oakland Table Tennis Club,1831,2024-04-14,0,,ACTIVE,PA,15044,M,2000-03-29,2024-11-03,1899.0,8944 days,33,True,False
2428,Mable,Ng,5593,29265,"Brooklyn, NY",,1821,2018-03-02,0,,ACTIVE,NY,11214,F,1991-12-07,2100-02-28,1824.0,11979 days,25,True,False
2457,David,Stoppelman,7451,96502,"Woodland Hills, CA",,1816,2024-06-02,0,,ACTIVE,CA,91367,M,1999-12-01,2025-06-07,1925.0,9063 days,35,True,False
2481,Jaymee,Stout,47773,79745,"Carmel, IN",SpinBlock Table Tennis Center,1814,2022-05-29,1618,2022-01-17,ACTIVE,IN,46032,F,1998-08-23,2025-07-09,1814.0,9528 days,34,True,False
2547,David,Centeno,987,95354,"Cidra, US",,1805,2023-04-02,0,,ACTIVE,US,739,M,2002-11-04,2025-04-18,1979.0,7994 days,6,True,False
2571,Ricardo,Hall,2766,91065,JAM,,1802,2024-08-25,0,,ACTIVE,JAM,,M,2000-08-29,2018-06-17,1802.0,8791 days,6,True,False
2591,Hao,Gu,164836,263836,Ashburn,,1800,2023-11-26,0,,ACTIVE,,20147,M,2003-04-04,2024-12-08,1800.0,7843 days,8,True,False
2599,Andrew,Belinfanti Knight,182110,281110,"Playa Vista, CA",,1798,2024-08-04,0,,ACTIVE,CA,90094,M,1982-11-30,2025-10-19,1877.0,15273 days,10,True,False
2616,Jason Yongjae,Lee,4256,93481,"San Diego, CA",Learning Tree Table Tennis Club,1796,2024-05-11,1929,2023-07-28,ACTIVE,CA,92130,M,2001-12-14,2025-02-28,1952.0,8319 days,33,True,False
2645,Avery,Van Brussel,50676,88548,"Chattanooga, FL",,1793,2024-03-02,0,,ACTIVE,FL,37404,M,1994-08-24,2025-03-05,1886.0,10988 days,21,True,False
2655,Eldin,Medunjanin,103344,202344,"Fairfield, CT",Westchester Table Tennis Center,1791,2023-11-26,1683,2017-11-10,ACTIVE,CT,6825,M,2005-03-01,2024-12-01,1793.0,7146 days,29,True,False
2681,Jasy,Mendoza,5185,86471,"Fond Du Lac, WI",Milwaukee Table Tennis Club,1787,2023-12-03,0,,ACTIVE,WI,54935,M,1999-04-14,2024-10-25,1787.0,9294 days,18,True,False
2703,Alex,Chen,116044,215044,"ELLICOTT CITY, MD",Howard County Table Tennis Club,1783,2024-07-06,0,,ACTIVE,MD,21042,M,2004-08-30,2025-05-10,1943.0,7329 days,18,True,False
2714,Daniel,Mcginnis,35524,87690,"Ames, IA",Iowa State University Table Tennis Club,1782,2024-09-08,1609,2022-07-31,ACTIVE,IA,50010,M,1997-04-08,2025-07-11,1950.0,10030 days,18,True,False
2716,Benjamin,Kang,3601,86208,"Falls Church, VA",,1781,2024-04-28,0,,ACTIVE,VA,22046,M,2003-05-02,2025-04-26,1864.0,7815 days,25,True,False
2732,Joel,Christo,16182,11976,"Yonkers, NY",,1779,2024-07-14,1531,2005-02-20,ACTIVE,NY,10701,M,1990-08-07,2025-03-27,1797.0,12466 days,57,True,False
2756,Peter,Reheis,42522,77637,"Everett, MA",Westford Table Tennis Club,1775,2024-07-14,1636,2024-07-02,ACTIVE,MA,2149,M,1993-11-24,2024-09-02,1775.0,11261 days,25,True,False
2764,Sumin,Lee,4291,91475,"Fort Lee, NJ",Han-In Table Tennis Club,1775,2023-11-26,1907,2023-09-29,ACTIVE,NJ,7024,F,1997-05-02,2024-11-13,1899.0,10006 days,27,True,False
2793,Austin,Elston,19785,34200,"Tyler, TX",,1770,2023-11-04,0,,ACTIVE,TX,,M,1996-04-08,2024-11-06,1770.0,10395 days,97,True,False
2816,Umar,Iqbal,123486,222486,Fremont,Fremont Table Tennis Academy,1766,2024-08-31,1800,2024-08-25,ACTIVE,,94539,M,2005-05-04,2025-06-19,1800.0,7082 days,8,True,False
2834,Hanson,Qin,41777,81606,"San Jose, CA",Learning Tree Table Tennis Club,1763,2024-05-18,1718,2024-09-07,ACTIVE,CA,95135,M,1997-09-11,2025-06-29,1763.0,9874 days,27,True,False
2848,Leon,Wang,121781,220781,"San Diego, CA",,1762,2024-09-08,1499,2024-07-19,ACTIVE,CA,92130,M,2001-01-21,2024-10-05,1762.0,8646 days,19,True,False
2857,Matthew,Shen,116931,215931,"Fremont, CA",(TTA) Table Tennis America,1761,2024-05-11,1558,2024-03-09,ACTIVE,CA,94539,M,2002-07-13,2024-11-20,1761.0,8108 days,21,True,False
2858,Saraansh,Wadkar,117701,216701,Germantown,,1761,2021-08-08,1661,2020-02-25,ACTIVE,,20874,M,2004-12-28,2025-02-06,1781.0,7209 days,15,True,False
2877,Jasmine,Lo,4683,94080,"New York, NY",,1758,2024-06-30,1290,2017-05-12,ACTIVE,NY,10002,F,2003-06-02,2024-11-03,1898.0,7784 days,73,True,False
2897,Philip,Chow,1318,80656,"Houston, TX",,1755,2018-03-02,0,,ACTIVE,TX,77059,M,1994-05-19,2100-02-28,1787.0,11085 days,20,True,False
2930,Arvind,Subramanyam,118785,217785,"Coppell, TX",,1749,2024-07-27,0,,ACTIVE,TX,75019,M,2001-12-23,2025-07-20,1770.0,8310 days,27,True,False
2959,Max,Ivry,118727,217727,"Madison, WI",Madison Table Tennis Club,1745,2024-08-11,0,,ACTIVE,WI,53703,M,2001-12-10,2025-04-05,1745.0,8323 days,17,True,False
2973,Justin,Liu,4624,93245,"Great Neck, NY",New York International Table Tennis Club,1742,2018-03-02,623,2018-05-11,ACTIVE,NY,11021,M,2000-04-21,2025-06-22,1778.0,8921 days,23,True,False
2983,Noga,Nir-Kistler,5711,14276,"Allentown, PA",,1741,2018-03-02,0,,ACTIVE,PA,18103,F,1979-05-18,2100-02-28,1819.0,16565 days,52,True,False
3001,Shirley,Zhang,9003,85208,"Glen Allen, VA",University of Virginia Table Tennis Club(UVATTC),1739,2023-11-26,1946,2023-06-09,ACTIVE,VA,23059,F,2000-01-16,2024-10-13,1885.0,9017 days,25,True,False
3119,Maria,Henen,2955,97501,"Lakewood Ranch, FL",Sarasota Table Tennis Club,1724,2024-06-08,0,,ACTIVE,FL,34210,F,2003-09-10,2025-06-11,1765.0,7684 days,25,True,False
3127,Aaron,Chang,1048,93504,"Arcadia, CA",,1722,2024-05-18,0,,ACTIVE,CA,91006,M,2004-09-21,2025-05-20,1839.0,7307 days,36,True,False
3129,Richard,Jin,27492,83564,"Roslyn Heights, NY",,1722,2024-07-28,1346,2024-04-10,ACTIVE,NY,11577,M,1997-10-10,2024-12-14,1722.0,9845 days,21,True,False
3157,Jackson,Chen,116309,215309,"Brooklyn, NY",,1718,2023-11-26,0,,ACTIVE,NY,11220,M,2001-08-29,2024-12-01,1741.0,8426 days,24,True,False
3162,Cyndy,Meng,116792,215792,Ellicott City,,1717,2024-07-07,1575,2023-06-09,ACTIVE,,21043,F,1999-06-09,2025-07-03,1717.0,9238 days,25,True,False
3236,Cyrus,Cursetjee,166959,1166959,"New York, NY",,1705,2024-08-25,0,,ACTIVE,NY,10011,M,2004-12-08,2025-05-30,1846.0,7229 days,23,True,False
3265,Jaideep,Grewal,113233,212233,"East Hill, NY",,1701,2021-11-13,1720,2020-03-06,ACTIVE,NY,11577,M,2004-04-20,2024-10-12,1701.0,7461 days,19,True,False
3322,Norman,Yao,54513,22308,"Cambridge, MA",,1693,2018-03-02,0,,ACTIVE,MA,2138,M,1987-04-29,2025-08-01,1710.0,13662 days,16,True,False
3355,Jacob,Spink,117538,216538,"Westfield, IN",,1688,2024-08-11,1689,2023-10-30,ACTIVE,IN,46032,M,2003-04-04,2025-06-04,1843.0,7843 days,22,True,False
3364,Kyle,Mikota,36216,94521,"Morton Grove, IL",,1687,2024-06-02,1776,2018-08-31,ACTIVE,IL,60053,M,1999-08-27,2025-08-28,1872.0,9159 days,40,True,False
3381,Carly,Googel,103572,202572,"Chappaqua, NY",,1685,2024-07-28,0,,ACTIVE,NY,9179694116,F,2005-04-15,2025-07-31,1688.0,7101 days,54,True,False
3386,Cynthia,Ruan,6668,91918,"Marietta, GA",,1684,2018-07-22,0,,ACTIVE,GA,30062,F,2003-11-28,2024-09-26,1719.0,7605 days,34,True,False
3388,Wataru,Hashimoto,24391,88650,"Chicago, IL",,1684,2024-05-05,0,,ACTIVE,IL,60642,M,1995-09-27,2025-04-04,1684.0,10589 days,14,True,False
3419,Emily,Ding,1758,93511,"Plano, TX",,1680,2024-07-28,0,,ACTIVE,TX,75024,F,2004-03-25,2025-07-19,1697.0,7487 days,17,True,False
3428,Aryan,Jain,103361,202361,"Atlanta, NC",,1678,2024-06-30,0,,ACTIVE,NC,27560,M,2001-07-19,2025-06-28,1735.0,8467 days,11,True,False
3463,Anwen,Harris,2836,84771,"Troy, OH",Spin & Smash TTPPC,1672,2024-05-19,0,,ACTIVE,OH,45373,F,2001-12-14,2025-05-21,1718.0,8319 days,46,True,False
3525,Ilya,Kamens,28205,27939,"Brooklyn, NY",Nison's Table Tennis School,1663,2024-03-10,1287,2024-03-27,ACTIVE,NY,11205,M,1990-01-10,2025-02-15,1663.0,12675 days,13,True,False
3532,Eddie,Li,4402,92473,"Herndon, VA",Northern VA Table Tennis Center (NOVATTC),1662,2024-06-01,0,,ACTIVE,VA,20171,M,2004-05-18,2024-11-13,1662.0,7433 days,15,True,False
3548,James,Good,117706,216706,"King of Prussia, PA",,1661,2024-06-22,1653,2024-07-20,ACTIVE,PA,19406,M,2005-05-04,2025-06-24,1661.0,7082 days,12,True,False
3578,Weston,White,120720,219720,"New York, NY",,1657,2024-05-26,0,,ACTIVE,NY,10025,M,2005-02-13,2025-05-16,1657.0,7162 days,7,True,False
3665,Christopher,Chin,15821,94548,"Berkley, MI",,1646,2024-04-20,0,,ACTIVE,MI,48072,M,1999-06-25,2024-10-01,1646.0,9222 days,11,True,False
3691,MICHAEL,REFF,6465,24318,"Hempstead, NY",,1642,2024-06-08,0,,ACTIVE,NY,11550,M,1986-08-25,2025-05-19,1792.0,13909 days,37,True,False
3697,Alejandro,Lim,32580,88580,"Pittsburgh, PA",Pittsburgh Oakland Table Tennis Club,1641,2023-06-03,0,,ACTIVE,PA,15213,M,2001-04-03,2025-01-12,1641.0,8574 days,9,True,False
3722,Raymond,Sacco,43895,11297,"Richardson, TX",,1638,2019-12-21,1624,2019-11-02,ACTIVE,TX,75081,M,1983-01-04,2024-09-27,1988.0,15238 days,64,True,False
3799,Lev,Goldstein,2503,92379,"Asheville, NC",,1630,2018-07-21,1598,2024-04-17,ACTIVE,NC,28804,M,2001-02-16,2025-01-28,1658.0,8620 days,25,True,False
3824,Mason,Carter,124418,223418,"Dedham, MA",,1627,2023-12-03,0,,ACTIVE,MA,2026,M,2003-01-08,2024-11-23,1663.0,7929 days,8,True,False
3859,Heath,Clugston,132466,231466,"Fayetteville, PA",Carlisle Area Table Tennis(CATT),1624,2024-06-01,1371,2020-01-17,ACTIVE,PA,17222,M,2003-06-19,2025-05-21,1626.0,7767 days,22,True,False
3865,Xiaozhou,Zang,55216,15190,"Los Angeles, CA",Los Angeles Table Tennis Association,1623,2018-03-02,0,,ACTIVE,CA,90024,F,1994-06-28,2024-10-17,1645.0,11045 days,9,True,False
3893,Joseph,Macasocol,34130,73607,"San Francisco, CA",,1618,2018-03-02,1454,2008-12-21,ACTIVE,CA,94109,M,1990-08-21,2025-01-02,1643.0,12452 days,7,True,False
3958,Timothy,La,30454,82848,"Derwood, MD",,1609,2024-08-25,1780,2021-08-16,ACTIVE,MD,20855,M,1993-01-11,2025-03-05,1810.0,11578 days,48,True,False
3962,Bojiang,Wu,112839,211839,"Rochester, NY",,1608,2024-05-05,1838,2017-06-02,ACTIVE,NY,14623,M,2000-11-24,2025-02-21,1608.0,8704 days,22,True,False
3979,Kevin,Tran,49842,34645,"Fremont, CA",,1606,2023-06-24,1297,2024-05-07,ACTIVE,CA,94539,M,1993-07-03,2025-03-17,1695.0,11405 days,50,True,False
4009,Alex,Uganski,7995,81971,"Muskegon, MI",West Michigan Table Tennis,1601,2024-05-05,1726,2020-03-05,ACTIVE,MI,49441,M,1993-03-22,2025-02-15,1721.0,11508 days,26,True,False
4017,Ryan,Wang,51999,77701,"Tyler, TX",,1600,2024-08-17,1017,2022-05-01,ACTIVE,TX,-,M,2000-09-26,2025-02-07,1778.0,8763 days,44,True,False
4049,Gino,Chu,132161,231161,"NY, NY",,1596,2024-06-30,0,,ACTIVE,NY,10011,M,2005-03-28,2025-03-06,1596.0,7119 days,14,True,False
4055,Trent,Casi,969,211,"Denver, CO",Denver NorthSide Table Tennis - Louisville Branch,1596,2024-04-20,0,,ACTIVE,CO,80210,M,1978-06-02,2025-01-08,1762.0,16915 days,44,True,False
4090,Jason,Wong,8556,96027,"Berkeley, CA",,1590,2022-05-15,1585,2024-06-29,ACTIVE,CA,94704,M,2001-07-22,2025-06-18,1590.0,8464 days,8,True,False
4126,Abhishek,Chauhan,15049,94494,"Matthews, NC",,1583,2018-03-02,1446,2024-08-22,ACTIVE,NC,28104,M,2002-04-24,2025-08-22,1583.0,8188 days,8,True,False
4132,Andrew,Snyder,7265,1159,"Laurel Bloomery, TN",Asheville Table Tennis Club,1581,2024-07-20,1805,2018-12-14,ACTIVE,TN,37680,M,1988-12-20,2025-05-21,1801.0,13061 days,49,True,False
4210,Ryan,Wong,8567,96028,"Chicago, OR",,1571,2024-09-08,904,2018-01-15,ACTIVE,OR,60615,M,1999-10-22,2025-04-23,1577.0,9103 days,14,True,False
4220,David,Guan,118271,217271,"Timonium, MD",Baltimore Table Tennis Club,1570,2024-08-25,1412,2019-10-05,ACTIVE,MD,21093,M,2005-03-28,2025-04-07,1650.0,7119 days,24,True,False
4234,Tanay,Sharma,98653,197653,"Santa Clara, CA",,1567,2024-07-28,1651,2020-03-07,ACTIVE,CA,95051,M,2005-06-25,2025-06-24,1568.0,7030 days,22,True,False
4245,Ellis,Kilian,117589,216589,"west windsor, NJ","Princeton Pong, LLC",1566,2024-08-04,1433,2020-10-20,ACTIVE,NJ,8550,M,2005-01-28,2025-04-29,1566.0,7178 days,24,True,False
4276,Sumit,Shrestha,171232,1171232,North Dartmouth,,1562,2024-05-05,0,,ACTIVE,,2748,M,2003-04-30,2025-04-06,1630.0,7817 days,23,True,False
4279,Tony,Murnahan,5460,1523,"Apex, NC",,1561,2024-07-20,1609,2020-02-27,ACTIVE,NC,27523,M,1977-02-18,2024-09-12,1756.0,17384 days,139,True,False
4286,Doogyul,Lee,170851,1170851,"Rolling Meadows, IL",,1560,2024-08-04,0,,ACTIVE,IL,60008,M,2003-08-19,2024-10-04,1643.0,7706 days,20,True,False
4326,Phillip,Gustavson,23621,19484,"Lawrenceville, GA",,1554,2024-07-07,1471,2009-08-15,ACTIVE,GA,30045,M,1985-06-25,2025-04-24,1883.0,14335 days,35,True,False
4354,Johnny,Ochsner,5765,32546,"Seattle, WA",Seattle Pacific Table Tennis Club,1550,2024-09-08,1689,2022-02-19,ACTIVE,WA,98199,M,1997-05-21,2024-06-08,1803.0,9987 days,37,True,False
4439,Sameer,Komoravolu,169277,268277,"North Aurora, IL",,1540,2024-07-07,660,2020-03-08,ACTIVE,IL,60542,M,2005-02-24,2025-07-11,1595.0,7151 days,7,True,False
4512,Ayush,Jain,102116,97834,"Cary, NC",,1531,2023-10-29,0,,ACTIVE,NC,27519,M,2004-07-18,2024-11-01,1692.0,7372 days,32,True,False
4533,Ricky,Sullivan,67001,10002,"Aiken, SC",Aiken Table Tennis Association,1528,2023-11-04,0,,ACTIVE,SC,29803,M,1988-12-15,2024-09-20,1528.0,13066 days,13,True,False
4567,Tripp,Roche,180471,279471,"Columbia, SC",Carolina Pong,1523,2024-08-11,1774,2024-09-05,ACTIVE,SC,29036,M,2005-06-09,2025-06-26,1589.0,7046 days,11,True,False
4594,Taylor,Wilk,52881,34789,"Sebago, ME",,1519,2024-07-14,0,,ACTIVE,ME,4029,M,1988-03-18,2025-06-07,1519.0,13338 days,10,True,False
4623,Cosmo,Pinkerton,119068,218068,"Woodside, CA",Pong Planet,1516,2020-02-29,1627,2023-12-05,ACTIVE,CA,94062,M,2005-06-10,2024-11-30,1649.0,7045 days,18,True,False
4721,Tony,Nguyen,38444,77371,"Denham Springs, AZ",,1502,2024-04-28,1787,2020-01-06,ACTIVE,AZ,70726,M,2002-02-10,2025-05-01,1597.0,8261 days,20,True,False
4771,Ryan,Patrick,40094,81966,"Columbia, MO",,1494,2024-07-06,0,,ACTIVE,MO,65203,M,1993-07-30,2024-11-13,1494.0,11378 days,6,True,False
4792,Alan,Li,32019,8939,"Edmonds, WA",,1490,2024-06-22,1246,2024-09-07,ACTIVE,WA,98026,M,1988-02-09,2024-07-16,1605.0,13376 days,38,True,False
4836,Steven,Mei,35827,83879,"Apex, NC",,1484,2024-05-26,1262,2024-04-29,ACTIVE,NC,27523,M,1998-02-26,2024-11-15,1507.0,9706 days,18,True,False
5017,Shariq,Zaman,55200,93218,"Bloomington, IL",,1457,2024-07-07,0,,ACTIVE,IL,61704,M,2002-07-24,2025-07-11,1547.0,8097 days,15,True,False
5095,Daniel,Rosenfeld,6626,89181,"Los Angeles, NY",Westchester Table Tennis Center,1447,2023-12-21,0,,ACTIVE,NY,90035,M,1996-06-20,2025-08-15,1623.0,10322 days,39,True,False
5100,Jordan,Denish,18310,87227,"Elkins Park, PA",,1446,2023-10-01,1318,2019-02-22,ACTIVE,PA,19027,M,2000-02-18,2025-08-07,1537.0,8984 days,13,True,False
5150,Anthony,Do,1778,74229,"Bridgewater, NJ",,1441,2018-03-02,0,,ACTIVE,NJ,8807,M,1997-10-28,2100-02-28,1441.0,9827 days,15,True,False
5168,Spencer,Rothenberger,176051,275051,"Nacogdoches, TX",,1439,2024-08-17,0,,ACTIVE,TX,75961,M,2005-08-30,2025-08-19,1469.0,6964 days,21,True,False
5311,Wayne,Steffens,7408,71734,"Bremerton, WA",Kitsap Table Tennis Club,1420,2024-09-08,1446,2024-01-13,ACTIVE,WA,98311,M,1989-08-07,2025-02-09,1601.0,12831 days,57,True,False
5321,Andy,Zhao,123689,222689,"Raleigh, NC",Triangle Badminton & Table Tennis,1418,2023-11-26,0,,ACTIVE,NC,27603,M,2004-06-23,2024-12-01,1433.0,7397 days,7,True,False
5380,Levy,Klots,57733,15611,"Waimea, CA",,1409,2024-04-20,0,,ACTIVE,CA,96743,M,1984-07-27,2025-04-22,1409.0,14668 days,15,True,False
5584,Dat,Nguyen,5625,96048,"ORLANDO, FL",Central Florida Table Tennis,1378,2024-08-10,0,,ACTIVE,FL,,M,1999-04-20,2025-05-24,1439.0,9288 days,16,True,False
5618,Ali,Malik,116354,215354,"Roslyn, NY",New York University NCAA,1373,2023-12-30,1498,2018-12-14,ACTIVE,NY,11526,M,2003-04-25,2024-12-29,1498.0,7822 days,13,True,False
5645,Chau,Tran,172679,1172679,"Mesa, TX",,1368,2023-06-18,1590,2024-09-06,ACTIVE,TX,85210,F,2005-08-14,2025-05-06,1421.0,6980 days,8,True,False
5669,Kevin,Oneale,39169,85773,"Philadelphia, PA",PINGPOD,1364,2023-11-26,1482,2023-03-01,ACTIVE,PA,19125,M,1998-03-07,2024-11-01,1512.0,9697 days,17,True,False
5804,Bennett,Brown,773,96893,"Arkadelphia, AR",Little Rock Table Tennis Club (LRTTC),1346,2023-10-21,0,,ACTIVE,AR,71923-5113,M,2000-06-28,2024-10-09,1346.0,8853 days,6,True,False
5873,Faeq,Zaman,55196,93219,"Bloomington, IL",,1338,2024-07-07,0,,ACTIVE,IL,61704,M,2002-07-24,2025-07-11,1344.0,8097 days,15,True,False
6076,Arul,Kumar,3994,96483,"Sterling, VA",,1308,2021-08-08,1368,2024-03-25,ACTIVE,VA,20166,M,2001-05-30,2025-03-23,1308.0,8517 days,9,True,False
6095,Mohammed,Zaman,55197,81460,"Bloomington, IL",,1305,2024-07-07,0,,ACTIVE,IL,61704,M,1998-08-19,2024-11-29,1305.0,9532 days,15,True,False
6168,Jialin,Yang,120809,219809,"Rego Park, NY",,1293,2023-07-07,0,,ACTIVE,NY,11374,M,2005-07-16,2024-11-23,1455.0,7009 days,30,True,False
6300,Kimi,Wang,173509,1173509,"Roslyn, NY",,1272,2024-06-23,1232,2022-02-19,ACTIVE,NY,11576,M,2005-08-15,2025-03-21,1291.0,6979 days,11,True,False
6398,Abel,Karthik,132560,1132560,"New Albany, OH",,1258,2024-07-27,0,,ACTIVE,OH,43054,M,2004-08-27,2025-07-30,1382.0,7332 days,23,True,False
6410,Krishna,Nandakumar,130845,229845,"San Ramon, CA",,1256,2024-05-18,906,2024-07-20,ACTIVE,CA,94582,M,2005-03-22,2025-04-27,1389.0,7125 days,20,True,False
6427,Grace,Wang,8247,91925,"San Diego, CA",,1254,2024-07-20,0,,ACTIVE,CA,92122,F,2003-05-28,2025-02-22,1289.0,7789 days,10,True,False
6499,Joey,Charles,14999,80500,"Altamonte Springs, FL",Central Florida Table Tennis,1243,2024-08-10,0,,ACTIVE,FL,32701,M,1994-06-18,2025-07-29,1325.0,11055 days,17,True,False
6676,Apisak,Sakhakorn,113263,212263,"Saugus, CA",Northridge Table Tennis,1216,2024-06-02,0,,ACTIVE,CA,91350,M,1999-09-09,2024-11-23,1222.0,9146 days,33,True,False
6700,Julian,Chavez,164946,263946,"San Antonio, TX",San Antonio Table Tennis Club,1212,2024-08-24,640,2022-10-22,ACTIVE,TX,78228,M,2004-10-03,2025-01-13,1233.0,7295 days,13,True,False
6731,Colin,Kenney,103847,202847,"Shorewood, WI",,1208,2024-05-18,0,,ACTIVE,WI,53211,M,2001-09-27,2024-09-25,1208.0,8397 days,10,True,False
6914,Michael,Hanna,2807,96621,"Syosset, NY",,1184,2023-11-26,1410,2017-11-03,ACTIVE,NY,11791,M,1999-06-25,2024-10-31,1401.0,9222 days,11,True,False
6917,Nathan,Matcheson,5049,21213,"Cambridge *, MA",,1183,2018-03-02,1204,2009-05-07,ACTIVE,MA,2140,M,1984-03-28,2100-02-28,1190.0,14789 days,8,True,False
7146,Yechan,Yang,8802,92581,"Boston, MA",Joseph Bae Table Tennis Club,1143,2018-03-02,0,,ACTIVE,MA,2134,M,1998-11-12,2024-09-18,1143.0,9447 days,10,True,False
7399,Adel,Hanna,102094,96620,"Syosset, NY",,1100,2023-11-26,1341,2016-10-29,ACTIVE,NY,11791,M,2005-04-27,2024-10-31,1282.0,7089 days,12,True,False
7487,Ruby Bobae,Choi,185306,284306,"Irvine, CA",,1087,2018-03-02,1201,2024-07-10,ACTIVE,CA,92602,F,2001-09-14,2025-07-10,1102.0,8410 days,13,True,False
7618,Rick,Reilly,6478,23977,"Ft Lauderdale, FL","Broward Table Tennis Club, Inc.",1061,2023-12-17,0,,ACTIVE,FL,33312,M,1996-06-15,2025-01-01,1455.0,10327 days,81,True,False
7650,Ian,McGranaghan,35534,86925,"Portland, OR",,1055,2018-03-02,0,,ACTIVE,OR,97215,M,1997-02-12,2014-06-30,1076.0,10085 days,8,True,False
7721,Preston,Chen,15372,83377,"Austin, TX",,1040,2018-03-02,1107,2024-08-14,ACTIVE,TX,78759,M,1994-04-05,2025-05-26,1106.0,11129 days,6,True,False
7725,Taylor,Ngo,124740,223740,"Brooklyn, NY",,1039,2024-07-28,0,,ACTIVE,NY,11204,M,2001-11-19,2025-02-28,1039.0,8344 days,8,True,False
8046,Gloria,Jeng,130610,229610,"North Potomac, MD",,967,2023-10-07,1113,2020-01-24,ACTIVE,MD,20878,F,2005-08-18,2024-10-05,974.0,6976 days,8,True,False
8237,Daniel,Zhang,118607,217607,"Cary, NC",,928,2024-02-18,0,,ACTIVE,NC,27519,M,2005-04-08,2025-02-20,928.0,7108 days,8,True,False
8487,Tyler,Hess,2984,96156,"Lakeland, FL",,878,2024-02-11,0,,ACTIVE,FL,33813,M,1999-01-19,2025-02-04,959.0,9379 days,11,True,False
8856,Alexander,Wiklund,119337,218337,"San Jose, CA",World Champions Table Tennis Academy (WCTTA),793,2019-07-05,505,2023-11-12,ACTIVE,CA,,M,2005-02-27,2024-11-12,793.0,7148 days,10,True,False
8857,Edward,Bogus,12607,84893,"Kenilworth, NJ",,792,2023-10-22,0,,ACTIVE,NJ,7033,M,1993-08-21,2024-10-19,981.0,11356 days,13,True,False
9189,Caleb,Oshinsky,172244,271244,"San Mateo, CA",,710,2022-12-04,836,2024-06-16,ACTIVE,CA,94402,M,2005-03-23,2025-06-05,710.0,7124 days,5,True,False
9245,Jonathan,Vaysman,50924,88007,"Farmington Hills, MI",,695,2023-12-17,0,,ACTIVE,MI,48334,M,2000-08-27,2024-11-23,715.0,8793 days,10,True,False
9293,Lindsay,Torres,71757,17496,"Hollywood, FL","Broward Table Tennis Club, Inc.",680,2024-08-24,0,,ACTIVE,FL,33023,F,1987-11-23,2025-04-01,692.0,13454 days,20,True,False
9623,Nathan,Nelson,121693,220693,"Albany, OR",Paddle Palace Club,582,2024-09-08,0,,ACTIVE,OR,97321,M,2000-07-27,2024-08-25,582.0,8824 days,19,True,False
10327,Emory,Jiang,27383,30708,"San Ramon, CA",,142,2018-03-02,243,2024-08-25,ACTIVE,CA,94583,M,1995-05-23,2006-04-30,143.0,10716 days,6,True,False
